{"sample-adaptive": {"tpt": 2490392.466666667}, "sample-adaptive-async-nfc": {"tpt": 2458008.9166666665}, "sample-adaptive-sync-nfc": {"tpt": 2184555.4999999995}, "sample-adaptive-heavy": {"tpt": 2222821.1666666665}, "sample-adaptive-naive": {"tpt": 1510703.5166666666}}