{"sample-adaptive": {"r0-f10": {"hr": 0.3529596602972399}, "r1-f9": {"hr": 0.3728462674696057}, "r2-f8": {"hr": 0.3888242483500367}, "r3-f7": {"hr": 0.4050006611133148}, "r4-f6": {"hr": 0.42050403225806454}, "r5-f5": {"hr": 0.4387430830039526}, "r6-f4": {"hr": 0.45945671223273743}, "r7-f3": {"hr": 0.4832730489482996}, "r8-f2": {"hr": 0.5087600716204118}, "r9-f1": {"hr": 0.5275032475967784}, "r10-f0": {"hr": 0.5542507739938081}}, "sample-lru": {"r0-f10": {"hr": 0.297556263269639}, "r1-f9": {"hr": 0.33746278831950915}, "r2-f8": {"hr": 0.34852603275482763}, "r3-f7": {"hr": 0.3759857199523998}, "r4-f6": {"hr": 0.41065524193548386}, "r5-f5": {"hr": 0.4311873517786561}, "r6-f4": {"hr": 0.45814230634419906}, "r7-f3": {"hr": 0.4832121092982111}, "r8-f2": {"hr": 0.5098657117278425}, "r9-f1": {"hr": 0.5314211483502209}, "r10-f0": {"hr": 0.5554767801857585}}, "sample-lfu": {"r0-f10": {"hr": 0.3755435244161359}, "r1-f9": {"hr": 0.37975343710941933}, "r2-f8": {"hr": 0.3881312637496944}, "r3-f7": {"hr": 0.40025518973952134}, "r4-f6": {"hr": 0.40762384792626727}, "r5-f5": {"hr": 0.42423083003952566}, "r6-f4": {"hr": 0.4391044514546092}, "r7-f3": {"hr": 0.45879496756437976}, "r8-f2": {"hr": 0.4850067144136079}, "r9-f1": {"hr": 0.5112314886983632}, "r10-f0": {"hr": 0.5543157894736842}}, "cliquemap-precise-lru": {"r0-f10": {"hr": 0.24140339702760083}, "r1-f9": {"hr": 0.25384956254971025}, "r2-f8": {"hr": 0.26698606697628946}, "r3-f7": {"hr": 0.28330953325399977}, "r4-f6": {"hr": 0.3083914170506913}, "r5-f5": {"hr": 0.38153992094861655}, "r6-f4": {"hr": 0.4688222923238696}, "r7-f3": {"hr": 0.4838254373894241}, "r8-f2": {"hr": 0.5123880931065354}, "r9-f1": {"hr": 0.5297479864899974}, "r10-f0": {"hr": 0.5556346749226007}}, "cliquemap-precise-lfu": {"r0-f10": {"hr": 0.29671125265392784}, "r1-f9": {"hr": 0.3052721281672537}, "r2-f8": {"hr": 0.3102933268149597}, "r3-f7": {"hr": 0.315208250694169}, "r4-f6": {"hr": 0.3197796658986175}, "r5-f5": {"hr": 0.32564901185770756}, "r6-f4": {"hr": 0.33194181563266734}, "r7-f3": {"hr": 0.3397424808334971}, "r8-f2": {"hr": 0.35032005371530883}, "r9-f1": {"hr": 0.36685372824110163}, "r10-f0": {"hr": 0.39937461300309596}}}