{"sample-lru": {"tpt": 2954591.9, "hr": 0.6548846898280605}, "sample-lfu": {"tpt": 2835905.4, "hr": 0.6256780991354648}, "sample-mru": {"tpt": 2139828.55, "hr": 0.44200457088022305}, "sample-gds": {"tpt": 2636213.95, "hr": 0.5930354021531523}, "sample-lirs": {"tpt": 2585587.9, "hr": 0.5745055312178712}, "sample-fifo": {"tpt": 2870681.85, "hr": 0.6306786312805789}, "sample-size": {"tpt": 2950483.55, "hr": 0.6570649749936752}, "sample-gdsf": {"tpt": 2810639.8, "hr": 0.6248660180504098}, "sample-lrfu": {"tpt": 2654525.6, "hr": 0.586010622764384}, "sample-lruk": {"tpt": 2693236.8, "hr": 0.6011312484665292}, "sample-lfuda": {"tpt": 2813420.85, "hr": 0.6265303500540987}, "sample-hyperbolic": {"tpt": 2835340.2, "hr": 0.6300641806581093}}