{"sample-adaptive": {"ops": [1144782, 4629183, 7535838, 8995268, 12086049, 14090418, 15367163, 18348756, 20535816, 22810150], "misses": [468719, 896302, 1395217, 1920786, 2416334, 2934371, 3454886, 3952799, 4462187, 4976729], "hit_rate": [0.5905604735224698, 0.8063800890999556, 0.8148557599035435, 0.7864670624599511, 0.8000724637141551, 0.7917470581781179, 0.7751773700845107, 0.7845740059980089, 0.7827119701501026, 0.7818195408622916]}, "sample-lru": {"ops": [1302812, 3817882, 7020667, 8813535, 11522476, 13897570, 15103251, 18303713, 20976636, 22514644], "misses": [473017, 944175, 1436031, 1961634, 2471986, 2982790, 3511316, 4013762, 4517769, 5052769], "hit_rate": [0.6369261259491008, 0.7526966522275964, 0.7954566140225707, 0.7774293742522155, 0.7854639922877686, 0.7853732702911372, 0.7675125706379375, 0.7807132356150908, 0.7846285267094304, 0.7755785523413117]}, "sample-lfu": {"ops": [1285818, 3792828, 5975019, 8147775, 10740016, 12686554, 14709044, 17033923, 19252488, 21982545], "misses": [479049, 934405, 1449474, 1973339, 2478814, 2999909, 3519600, 4030206, 4544238, 5053415], "hit_rate": [0.6274363867981316, 0.7536389733465372, 0.7574109806178022, 0.7578063949974072, 0.7691982954215338, 0.7635363393400604, 0.7607186435773801, 0.7634011848004714, 0.7639661949146521, 0.7701169268617442]}, "cliquemap-precise-lru": {"ops": [1437361, 3764054, 6113652, 7971719, 8289466, 8291632, 8216163, 7952630, 7931549, 8277754], "misses": [499746, 964678, 1429234, 1758866, 1993746, 1992131, 1933898, 1993466, 1972491, 1892134], "hit_rate": [0.6523169892601789, 0.7437130285591014, 0.7662225458694738, 0.7793617662639639, 0.7594843865696536, 0.7597419904790758, 0.7646227320465769, 0.749332484976668, 0.7513107464884854, 0.7714193970973285]}, "cliquemap-precise-lfu": {"ops": [1135550, 2341997, 3403554, 4015191, 4424319, 4447540, 4451915, 4371525, 4350920, 4352403], "misses": [496206, 992306, 1534130, 2048794, 2428598, 2449616, 2452011, 2368232, 2344437, 2345069], "hit_rate": [0.5630258465060984, 0.5762992010664403, 0.549256453695167, 0.4897393424123535, 0.45107981589935087, 0.44922001825728375, 0.44922331176583563, 0.45825953185673196, 0.46116292646153, 0.46120131798457087]}}