{"kick-the-tires": 70.4537980556488, "fig1": 2272.609301805496, "fig2": 2670.716094017029, "fig13": 2591.5184009075165, "fig14": 18116.107740163803, "fig17": 5803.565598964691, "fig19": 224.02795481681824, "fig20": 667.7564301490784, "fig21": 1593.7068207263947, "fig22": 678.292888879776, "fig23": 490.053359746933, "fig24": 610.6942291259766, "fig25": 4489.269518613815}